Workbook

Sheet الرئيسية
A2: 🖨️ نظام إدارة الطباعة ثلاثية الأبعاد
A5: Creality Hi + CFS | الإصدار 1.5
B7: ⚙️ الإعدادات | D7: اضبط أسعار العمل والكهرباء والربح
B9: 🧵 قاعدة الفيلامنت | D9: أضف أنواع وأسعار الفيلامنت
B11: 🖨️ الحاسبة | D11: احسب تكلفة أي مطبوعة بدقة
B13: 📄 فاتورة | D13: فاتورة جاهزة للطباعة PDF
B15: 📦 المخزون | D15: أرصدة الفيلامنت وتنبيهات النقص
B17: 👥 إحصائيات العملاء | D17: ربح ومبيعات كل عميل
B19: 📚 سجل المشاريع | D19: سجّل مشاريعك وتابعها
B21: 📊 لوحة التحكم | D21: إحصائيات وأرباح ورسوم بيانية
A24: استخدم التبويبات في الأسفل للتنقل بين الأوراق. الخلايا الصفراء = إدخال يدوي، والباقي يُحسب تلقائيًا.

Sheet الإعدادات
A1: ⚙️ الإعدادات العامة
A2: البند | B2: القيمة | C2: ملاحظة
A3: سعر ساعة العمل (تصميم/تعديل) | B3: 75 | C3: غيّرها حسب قيمة وقتك
A4: سعر كيلوواط ساعة الكهرباء | B4: 0.18 | C4: متوسط سعر الكهرباء بالسعودية 0.18
A5: استهلاك الطابعة (واط) | B5: 150 | C5: طاقة الطابعة أثناء التشغيل
A6: نسبة الإهلاك والصيانة | B6: 0.1 | C6: تكلفة تقريبية للإهلاك
A7: هامش الربح | B7: 0.15 | C7: الربح المطلوب فوق التكلفة
A9: الخلايا الصفراء = إدخال يدوي. باقي الأرقام في البرنامج تُحسب تلقائيًا.

Sheet قاعدة الفيلامنت
A1: 🧵 قاعدة بيانات الفيلامنت
A2: # | B2: النوع | C2: الشركة | D2: اللون | E2: وزن البكرة (جم) | F2: سعر البكرة (ر.س) | G2: سعر الجرام (ر.س) | I2: المفتاح (لا تعدله)
A3: 1 | B3: PLA | C3: Creality | D3: Black | E3: 1000 | F3: 75 | G3: =IF(OR(E3="",F3=""),"",F3/E3) | I3: =IF(B3="","",B3&" - "&C3&" - "&D3)
A4: 2 | B4: PLA | C4: Creality | D4: White | E4: 1000 | F4: 75 | G4: =IF(OR(E4="",F4=""),"",F4/E4) | I4: =IF(B4="","",B4&" - "&C4&" - "&D4)
A5: 3 | B5: Silk PLA | C5: eSun | D5: Copper | E5: 500 | F5: 36 | G5: =IF(OR(E5="",F5=""),"",F5/E5) | I5: =IF(B5="","",B5&" - "&C5&" - "&D5)
A6: 4 | B6: Silk PLA | C6: eSun | D6: Gold | E6: 500 | F6: 38 | G6: =IF(OR(E6="",F6=""),"",F6/E6) | I6: =IF(B6="","",B6&" - "&C6&" - "&D6)
A7: 5 | B7: PETG | C7: Sunlu | D7: White | E7: 1000 | F7: 68 | G7: =IF(OR(E7="",F7=""),"",F7/E7) | I7: =IF(B7="","",B7&" - "&C7&" - "&D7)
A8: 6 | B8: PETG | C8: Sunlu | D8: Black | E8: 1000 | F8: 68 | G8: =IF(OR(E8="",F8=""),"",F8/E8) | I8: =IF(B8="","",B8&" - "&C8&" - "&D8)
A9: 7 | B9: ABS | C9: eSun | D9: Grey | E9: 1000 | F9: 72 | G9: =IF(OR(E9="",F9=""),"",F9/E9) | I9: =IF(B9="","",B9&" - "&C9&" - "&D9)
A10: 8 | B10: TPU | C10: Creality | D10: Red | E10: 1000 | F10: 95 | G10: =IF(OR(E10="",F10=""),"",F10/E10) | I10: =IF(B10="","",B10&" - "&C10&" - "&D10)
A11: 9 | G11: =IF(OR(E11="",F11=""),"",F11/E11) | I11: =IF(B11="","",B11&" - "&C11&" - "&D11)
A12: 10 | G12: =IF(OR(E12="",F12=""),"",F12/E12) | I12: =IF(B12="","",B12&" - "&C12&" - "&D12)
A13: 11 | G13: =IF(OR(E13="",F13=""),"",F13/E13) | I13: =IF(B13="","",B13&" - "&C13&" - "&D13)
A14: 12 | G14: =IF(OR(E14="",F14=""),"",F14/E14) | I14: =IF(B14="","",B14&" - "&C14&" - "&D14)
A15: 13 | G15: =IF(OR(E15="",F15=""),"",F15/E15) | I15: =IF(B15="","",B15&" - "&C15&" - "&D15)
A16: 14 | G16: =IF(OR(E16="",F16=""),"",F16/E16) | I16: =IF(B16="","",B16&" - "&C16&" - "&D16)
A17: 15 | G17: =IF(OR(E17="",F17=""),"",F17/E17) | I17: =IF(B17="","",B17&" - "&C17&" - "&D17)
A18: 16 | G18: =IF(OR(E18="",F18=""),"",F18/E18) | I18: =IF(B18="","",B18&" - "&C18&" - "&D18)
A19: 17 | G19: =IF(OR(E19="",F19=""),"",F19/E19) | I19: =IF(B19="","",B19&" - "&C19&" - "&D19)
A20: 18 | G20: =IF(OR(E20="",F20=""),"",F20/E20) | I20: =IF(B20="","",B20&" - "&C20&" - "&D20)
A21: 19 | G21: =IF(OR(E21="",F21=""),"",F21/E21) | I21: =IF(B21="","",B21&" - "&C21&" - "&D21)
A22: 20 | G22: =IF(OR(E22="",F22=""),"",F22/E22) | I22: =IF(B22="","",B22&" - "&C22&" - "&D22)
... A32: 30 | G32: =IF(OR(E32="",F32=""),"",F32/E32) | I32: =IF(B32="","",B32&" - "&C32&" - "&D32)
A34: أضف أنواع الفيلامنت في الصفوف الزرقاء — تظهر تلقائيًا في القائمة المنسدلة داخل الحاسبة.

Sheet الحاسبة
A1: 🖨️ حاسبة تكلفة الطباعة ثلاثية الأبعاد
A2: Creality Hi + CFS — احسب تكلفة أي مطبوعة بدقة
A4: ① معلومات المشروع
A5: اسم المشروع | B5: نموذج تجريبي | C5: العميل | D5: عميل 1
A6: رقم الفاتورة | B6: INV-001 | C6: التاريخ | D6: 2026-07-18
A7: عدد القطع في هذه الطباعة | B7: 1 | C7: عدد النسخ المتوقع بيعها | D7: 20
A9: ② الفيلامنت المستخدم (حتى 10 ألوان)
A10: # | B10: الفيلامنت (النوع - الشركة - اللون) | C10: الوزن (جم) | D10: سعر الجرام | E10: التكلفة (ر.س)
A11: 1 | B11: Silk PLA - eSun - Copper | C11: 115.75 | D11: =IFERROR(INDEX('قاعدة الفيلامنت'!$G$3:$G$32,MATCH(B11,'قاعدة الفيلامنت'!$I$3:$I$32,0)),0) | E11: =IF(B11="",0,C11*D11)
A12: 2 | D12: =IFERROR(INDEX('قاعدة الفيلامنت'!$G$3:$G$32,MATCH(B12,'قاعدة الفيلامنت'!$I$3:$I$32,0)),0) | E12: =IF(B12="",0,C12*D12)
A13: 3 | D13: =IFERROR(INDEX('قاعدة الفيلامنت'!$G$3:$G$32,MATCH(B13,'قاعدة الفيلامنت'!$I$3:$I$32,0)),0) | E13: =IF(B13="",0,C13*D13)
A14: 4 | D14: =IFERROR(INDEX('قاعدة الفيلامنت'!$G$3:$G$32,MATCH(B14,'قاعدة الفيلامنت'!$I$3:$I$32,0)),0) | E14: =IF(B14="",0,C14*D14)
A15: 5 | D15: =IFERROR(INDEX('قاعدة الفيلامنت'!$G$3:$G$32,MATCH(B15,'قاعدة الفيلامنت'!$I$3:$I$32,0)),0) | E15: =IF(B15="",0,C15*D15)
A16: 6 | D16: =IFERROR(INDEX('قاعدة الفيلامنت'!$G$3:$G$32,MATCH(B16,'قاعدة الفيلامنت'!$I$3:$I$32,0)),0) | E16: =IF(B16="",0,C16*D16)
A17: 7 | D17: =IFERROR(INDEX('قاعدة الفيلامنت'!$G$3:$G$32,MATCH(B17,'قاعدة الفيلامنت'!$I$3:$I$32,0)),0) | E17: =IF(B17="",0,C17*D17)
A18: 8 | D18: =IFERROR(INDEX('قاعدة الفيلامنت'!$G$3:$G$32,MATCH(B18,'قاعدة الفيلامنت'!$I$3:$I$32,0)),0) | E18: =IF(B18="",0,C18*D18)
A19: 9 | D19: =IFERROR(INDEX('قاعدة الفيلامنت'!$G$3:$G$32,MATCH(B19,'قاعدة الفيلامنت'!$I$3:$I$32,0)),0) | E19: =IF(B19="",0,C19*D19)
A20: 10 | D20: =IFERROR(INDEX('قاعدة الفيلامنت'!$G$3:$G$32,MATCH(B20,'قاعدة الفيلامنت'!$I$3:$I$32,0)),0) | E20: =IF(B20="",0,C20*D20)
A21: المجموع | C21: =SUM(C11:C20) | E21: =SUM(E11:E20)
A23: ③ الوقت والتشغيل
A24: ساعات الطباعة | B24: 3.1 | C24: ساعات البحث والتصميم | D24: 3
A25: ساعات التعديل | B25: 0
A27: ④ مصاريف إضافية (لكل قطعة)
A28: التغليف | B28: 0.5 | C28: الشحن | D28: 0
A29: مصاريف أخرى | B29: 0
A31: ⑤ النتيجة والتسعير
A32: تكلفة المواد (للقطعة) | D32: =E21/MAX(B7,1)
A33: تكلفة الكهرباء (للقطعة) | D33: =('الإعدادات'!$B$5*B24/1000*'الإعدادات'!$B$4)/MAX(B7,1)
A34: تكلفة التصميم الكلية (مرة واحدة) | D34: =(D24+B25)*'الإعدادات'!$B$3
A35: تكلفة التصميم (موزعة/قطعة) | D35: =((D24+B25)*'الإعدادات'!$B$3)/MAX(D7,1)
A36: تغليف + شحن + أخرى (للقطعة) | D36: =B28+D28+B29
A37: المجموع الفرعي (للقطعة) | D37: =D32+D33+D35+D36
A38: الإهلاك والصيانة | D38: =D37*'الإعدادات'!$B$6
A39: هامش الربح | D39: =(D37+D38)*'الإعدادات'!$B$7
A40: 💰 سعر بيع القطعة الواحدة | D40: =D37+D38+D39
A41: سعر بيع الطباعة كاملة | D41: =D40*MAX(B7,1)
A42: تكلفة أول نموذج (شاملة كل وقت التصميم) | D42: =E21+('الإعدادات'!$B$5*B24/1000*'الإعدادات'!$B$4)+((D24+B25)*'الإعدادات'!$B$3)+B28+D28+B29
A44: 📌 بعد حساب المشروع، انسخ القيم إلى ورقة «سجل المشاريع» لحفظه ومتابعة الأرباح.

Sheet سجل المشاريع
A1: 📚 سجل المشاريع
A2: التاريخ | B2: رقم الفاتورة | C2: العميل | D2: اسم المشروع | E2: عدد القطع | F2: وزن الفيلامنت (جم) | G2: ساعات الطباعة | H2: تكلفة المواد | I2: تكلفة الكهرباء | J2: تكلفة التصميم | K2: تغليف وشحن | L2: الإهلاك | M2: الربح | N2: سعر البيع
A3: 2026-07-18 | B3: INV-001 | C3: عميل 1 | D3: نموذج تجريبي | E3: 1 | F3: 115.75 | G3: 3.1 | H3: 8.33 | I3: 0.08 | J3: 225 | K3: 0.5 | L3: 23.39 | M3: 35.09 | N3: 269.09
A4: 2026-07-19 | B4: INV-002 | C4: عميل 2 | D4: حامل جوال | E4: 4 | F4: 60 | G4: 1.5 | H4: 4.32 | I4: 0.04 | J4: 0 | K4: 2 | L4: 0.64 | M4: 1.05 | N4: 8.05
A53: الإجمالي | G53: =SUM(G3:G52) | H53: =SUM(H3:H52) | I53: =SUM(I3:I52) | J53: =SUM(J3:J52) | K53: =SUM(K3:K52) | L53: =SUM(L3:L52) | M53: =SUM(M3:M52) | N53: =SUM(N3:N52)

Sheet لوحة التحكم
A1: 📊 لوحة التحكم والأرباح
B3: عدد المشاريع | D3: إجمالي المبيعات | F3: إجمالي الأرباح
B4: =COUNTA('سجل المشاريع'!$B$3:$B$52) | D4: =SUM('سجل المشاريع'!$N$3:$N$52) | F4: =SUM('سجل المشاريع'!$M$3:$M$52)
B6: إجمالي ساعات الطباعة | D6: استهلاك الفيلامنت | F6: متوسط قيمة المشروع
B7: =SUM('سجل المشاريع'!$G$3:$G$52) | D7: =SUM('سجل المشاريع'!$F$3:$F$52)/1000 | F7: =IFERROR(SUM('سجل المشاريع'!$N$3:$N$52)/COUNTA('سجل المشاريع'!$B$3:$B$52),0)

Sheet فاتورة
A1: 🖨️ متجر الطباعة ثلاثية الأبعاد
A3: فاتورة ضريبية / عرض سعر
B5: رقم الفاتورة | C5: ='الحاسبة'!B6
B6: التاريخ | C6: ='الحاسبة'!D6
B7: العميل | C7: ='الحاسبة'!D5
A9: # | B9: المنتج | C9: الكمية | D9: سعر الوحدة (ر.س) | E9: الإجمالي (ر.س)
A10: 1 | B10: ='الحاسبة'!B5 | C10: ='الحاسبة'!B7 | D10: ='الحاسبة'!D40 | E10: =C10*D10
D12: الإجمالي: | E12: =E10
A15: شكرًا لتعاملكم معنا — تُطبع هذه الورقة PDF عبر: ملف ← تصدير ← PDF (أو بزر الماكرو).

Sheet المخزون
A1: 📦 إدارة مخزون الفيلامنت
A2: # | B2: الفيلامنت (النوع - الشركة - اللون) | C2: الرصيد الحالي (جم) | D2: حد إعادة الطلب (جم) | E2: الحالة
A3: 1 | B3: Silk PLA - eSun - Copper | C3: 380 | D3: 200 | E3: =IF(B3="","",IF(C3<=D3,"⚠️ اطلب","✔ متوفر"))
A4: 2 | B4: PLA - Creality - Black | C4: 950 | D4: 300 | E4: =IF(B4="","",IF(C4<=D4,"⚠️ اطلب","✔ متوفر"))
A5: 3 | B5: PETG - Sunlu - White | C5: 120 | D5: 300 | E5: =IF(B5="","",IF(C5<=D5,"⚠️ اطلب","✔ متوفر"))
A6: 4 | E6: =IF(B6="","",IF(C6<=D6,"⚠️ اطلب","✔ متوفر"))
A7: 5 | E7: =IF(B7="","",IF(C7<=D7,"⚠️ اطلب","✔ متوفر"))
A8: 6 | E8: =IF(B8="","",IF(C8<=D8,"⚠️ اطلب","✔ متوفر"))
A9: 7 | E9: =IF(B9="","",IF(C9<=D9,"⚠️ اطلب","✔ متوفر"))
A10: 8 | E10: =IF(B10="","",IF(C10<=D10,"⚠️ اطلب","✔ متوفر"))
A11: 9 | E11: =IF(B11="","",IF(C11<=D11,"⚠️ اطلب","✔ متوفر"))
A12: 10 | E12: =IF(B12="","",IF(C12<=D12,"⚠️ اطلب","✔ متوفر"))
A13: 11 | E13: =IF(B13="","",IF(C13<=D13,"⚠️ اطلب","✔ متوفر"))
A14: 12 | E14: =IF(B14="","",IF(C14<=D14,"⚠️ اطلب","✔ متوفر"))
A15: 13 | E15: =IF(B15="","",IF(C15<=D15,"⚠️ اطلب","✔ متوفر"))
A16: 14 | E16: =IF(B16="","",IF(C16<=D16,"⚠️ اطلب","✔ متوفر"))
A17: 15 | E17: =IF(B17="","",IF(C17<=D17,"⚠️ اطلب","✔ متوفر"))
... A22: 20 | E22: =IF(B22="","",IF(C22<=D22,"⚠️ اطلب","✔ متوفر"))
A24: تظهر «⚠️ اطلب» عندما ينزل الرصيد إلى حد إعادة الطلب أو أقل.

Sheet إحصائيات العملاء
A1: 👥 إحصائيات العملاء
A2: العميل | B2: عدد المشاريع | C2: إجمالي المبيعات (ر.س) | D2: إجمالي الأرباح (ر.س)
A3: عميل 1 | B3: =IF(A3="","",COUNTIF('سجل المشاريع'!$C$3:$C$52,A3)) | C3: =IF(A3="","",SUMIF('سجل المشاريع'!$C$3:$C$52,A3,'سجل المشاريع'!$N$3:$N$52)) | D3: =IF(A3="","",SUMIF('سجل المشاريع'!$C$3:$C$52,A3,'سجل المشاريع'!$M$3:$M$52))
A4: عميل 2 | B4: =IF(A4="","",COUNTIF('سجل المشاريع'!$C$3:$C$52,A4)) | C4: =IF(A4="","",SUMIF('سجل المشاريع'!$C$3:$C$52,A4,'سجل المشاريع'!$N$3:$N$52)) | D4: =IF(A4="","",SUMIF('سجل المشاريع'!$C$3:$C$52,A4,'سجل المشاريع'!$M$3:$M$52))
B5: =IF(A5="","",COUNTIF('سجل المشاريع'!$C$3:$C$52,A5)) | C5: =IF(A5="","",SUMIF('سجل المشاريع'!$C$3:$C$52,A5,'سجل المشاريع'!$N$3:$N$52)) | D5: =IF(A5="","",SUMIF('سجل المشاريع'!$C$3:$C$52,A5,'سجل المشاريع'!$M$3:$M$52))
B6: =IF(A6="","",COUNTIF('سجل المشاريع'!$C$3:$C$52,A6)) | C6: =IF(A6="","",SUMIF('سجل المشاريع'!$C$3:$C$52,A6,'سجل المشاريع'!$N$3:$N$52)) | D6: =IF(A6="","",SUMIF('سجل المشاريع'!$C$3:$C$52,A6,'سجل المشاريع'!$M$3:$M$52))
B7: =IF(A7="","",COUNTIF('سجل المشاريع'!$C$3:$C$52,A7)) | C7: =IF(A7="","",SUMIF('سجل المشاريع'!$C$3:$C$52,A7,'سجل المشاريع'!$N$3:$N$52)) | D7: =IF(A7="","",SUMIF('سجل المشاريع'!$C$3:$C$52,A7,'سجل المشاريع'!$M$3:$M$52))
B8: =IF(A8="","",COUNTIF('سجل المشاريع'!$C$3:$C$52,A8)) | C8: =IF(A8="","",SUMIF('سجل المشاريع'!$C$3:$C$52,A8,'سجل المشاريع'!$N$3:$N$52)) | D8: =IF(A8="","",SUMIF('سجل المشاريع'!$C$3:$C$52,A8,'سجل المشاريع'!$M$3:$M$52))
B9: =IF(A9="","",COUNTIF('سجل المشاريع'!$C$3:$C$52,A9)) | C9: =IF(A9="","",SUMIF('سجل المشاريع'!$C$3:$C$52,A9,'سجل المشاريع'!$N$3:$N$52)) | D9: =IF(A9="","",SUMIF('سجل المشاريع'!$C$3:$C$52,A9,'سجل المشاريع'!$M$3:$M$52))
B10: =IF(A10="","",COUNTIF('سجل المشاريع'!$C$3:$C$52,A10)) | C10: =IF(A10="","",SUMIF('سجل المشاريع'!$C$3:$C$52,A10,'سجل المشاريع'!$N$3:$N$52)) | D10: =IF(A10="","",SUMIF('سجل المشاريع'!$C$3:$C$52,A10,'سجل المشاريع'!$M$3:$M$52))
B11: =IF(A11="","",COUNTIF('سجل المشاريع'!$C$3:$C$52,A11)) | C11: =IF(A11="","",SUMIF('سجل المشاريع'!$C$3:$C$52,A11,'سجل المشاريع'!$N$3:$N$52)) | D11: =IF(A11="","",SUMIF('سجل المشاريع'!$C$3:$C$52,A11,'سجل المشاريع'!$M$3:$M$52))
B12: =IF(A12="","",COUNTIF('سجل المشاريع'!$C$3:$C$52,A12)) | C12: =IF(A12="","",SUMIF('سجل المشاريع'!$C$3:$C$52,A12,'سجل المشاريع'!$N$3:$N$52)) | D12: =IF(A12="","",SUMIF('سجل المشاريع'!$C$3:$C$52,A12,'سجل المشاريع'!$M$3:$M$52))
B13: =IF(A13="","",COUNTIF('سجل المشاريع'!$C$3:$C$52,A13)) | C13: =IF(A13="","",SUMIF('سجل المشاريع'!$C$3:$C$52,A13,'سجل المشاريع'!$N$3:$N$52)) | D13: =IF(A13="","",SUMIF('سجل المشاريع'!$C$3:$C$52,A13,'سجل المشاريع'!$M$3:$M$52))
B14: =IF(A14="","",COUNTIF('سجل المشاريع'!$C$3:$C$52,A14)) | C14: =IF(A14="","",SUMIF('سجل المشاريع'!$C$3:$C$52,A14,'سجل المشاريع'!$N$3:$N$52)) | D14: =IF(A14="","",SUMIF('سجل المشاريع'!$C$3:$C$52,A14,'سجل المشاريع'!$M$3:$M$52))
B15: =IF(A15="","",COUNTIF('سجل المشاريع'!$C$3:$C$52,A15)) | C15: =IF(A15="","",SUMIF('سجل المشاريع'!$C$3:$C$52,A15,'سجل المشاريع'!$N$3:$N$52)) | D15: =IF(A15="","",SUMIF('سجل المشاريع'!$C$3:$C$52,A15,'سجل المشاريع'!$M$3:$M$52))
B16: =IF(A16="","",COUNTIF('سجل المشاريع'!$C$3:$C$52,A16)) | C16: =IF(A16="","",SUMIF('سجل المشاريع'!$C$3:$C$52,A16,'سجل المشاريع'!$N$3:$N$52)) | D16: =IF(A16="","",SUMIF('سجل المشاريع'!$C$3:$C$52,A16,'سجل المشاريع'!$M$3:$M$52))
... B22: =IF(A22="","",COUNTIF('سجل المشاريع'!$C$3:$C$52,A22)) | C22: =IF(A22="","",SUMIF('سجل المشاريع'!$C$3:$C$52,A22,'سجل المشاريع'!$N$3:$N$52)) | D22: =IF(A22="","",SUMIF('سجل المشاريع'!$C$3:$C$52,A22,'سجل المشاريع'!$M$3:$M$52))
A24: اكتب اسم العميل (كما في السجل) لتظهر إحصائياته تلقائيًا.
